{"dataset": {"auroc": 0.3908982206138172, "aupr_in": 0.5584175820929573, "aupr_out": 0.29877252268936755, "fpr": 0.9830706363105662}}