{"dataset": {"auroc": 0.42690263002416134, "aupr_in": 0.5842726587741717, "aupr_out": 0.315378801862215, "fpr": 0.9719789842381786, "acc_in": 0.8189134808853119, "acc_out": 0.8189134808853119, "bacc_in": 0.8501490561345805, "bacc_out": 0.8501490561345805}}